timestamp,step,stride_pace,step_rate,contact_time,power,stride_angle,elevation_gain
0,1,1.4717108576508815,114.096640452669,638,133,5.534598741714113,85.5
1028,2,1.459178313140686,121.0392816813226,685,134,8.38883662060074,85.5
2107,3,1.4730402275913452,132.27627958026338,828,138,9.241308328028047,85.5
3158,4,1.5150537833203508,121.02382442556954,715,136,6.289116319986284,85.5
4151,5,1.3900834117358485,97.84054524467888,527,123,7.231497331775755,85.5
5171,6,1.3881552039976224,107.74087271448302,735,125,7.288779032615235,85.5
6222,7,1.3933284481452684,107.25066697977338,737,129,8.092740655235566,85.5
7250,8,1.4301913259394696,127.86680051086698,829,130,7.8039261957276125,85.5
8285,9,1.481461841836419,112.18314664276043,742,128,8.874288075600099,85.5
9290,10,1.3218532871632604,111.98237777287217,565,126,4.717074060684021,85.5
10319,11,1.3982123911644695,100.11191434546156,679,131,6.5193421246708905,85.5
11354,12,1.4705860930581842,130.51061908935273,832,136,4.699519845712325,85.5
12423,13,1.4828329988923923,110.70614359494853,655,127,5.441862222567923,85.5
13440,14,1.4637514335281205,127.71371428524708,804,128,4.093215554025805,85.5
14478,15,1.3981906748381023,106.60105218050306,684,127,7.027852669092755,85.5
15490,16,1.349447975462362,104.32393434514297,630,122,8.693951318767061,85.5
16562,17,1.4690779178036948,125.93139826788348,765,126,5.447096844172316,85.5
17629,18,1.409411343850397,100.18839454699923,582,125,4.18253173201857,85.5
18705,19,1.521621580656185,118.17152956504809,821,128,6.242158560366583,85.5
19747,20,1.4865366802272082,135.0949879857934,769,123,9.414915013433717,85.5
20728,21,1.3742552538181405,121.71334137099618,676,109,9.248352955032384,85.5
21767,22,1.3707792082873735,102.05689200514337,522,105,6.175906130842491,85.5
22842,23,1.4513610249931737,130.85118016847932,881,113,6.5819819215272,85.5
23864,24,1.3736594677221132,124.65580739711365,822,109,7.401907184383334,85.5
24849,25,1.387521971620176,111.53771123303305,651,107,8.689684626486722,85.5
25912,26,1.5263290645239138,126.1230300651266,686,110,5.5160636004620915,85.5
26898,27,1.4224380321479053,105.4714205213649,596,107,6.954228286816691,85.5
27947,28,1.4365090207624038,117.21018710202108,723,109,5.889294573597228,85.5
28989,29,1.445315531445399,130.51163278332731,873,111,5.938645336029549,85.5
30054,30,1.4765725295081316,106.59905655409717,729,110,7.802610646847805,85.5
31053,31,1.4390224599686832,120.57153164686608,629,106,4.46100177240062,85.5
32059,32,1.4289099207104379,126.71966897203917,828,108,9.585846856285645,85.5
33101,33,1.3764994471061975,108.82663339013575,664,105,8.805636485744023,87.25
34096,34,1.432106403540929,122.23376585967847,822,108,9.370809474684009,87.25
35142,35,1.477601890518875,110.06113658525695,609,105,7.754233228946967,87.25
36217,36,1.5122628612877218,130.04083227755552,830,106,4.0172566664815585,87.25
37232,37,1.364407746020095,98.4700741577939,606,104,7.6182459486744865,87.25
38216,38,1.4039423322383218,100.83786412571959,633,106,8.092707977867846,87.25
39204,39,1.3352162678706996,118.18896388380774,597,96,5.171134102333768,87.25
40227,40,1.4715977842832804,109.1625366071157,720,100,7.033329679648175,87.25
41246,41,1.3649997488966727,117.50914551838035,783,104,7.728209415037183,87.25
42272,42,1.4575562692341606,114.14884837696592,733,103,9.311841101458839,87.25
43324,43,1.390000986857596,100.59455249638042,703,98,8.62984160069284,87.25
44388,44,1.4301215533050853,107.39039655150533,697,96,8.68683832790586,87.25
45439,45,1.422373832624534,110.84477054359405,572,81,6.26456124434973,87.25
46446,46,1.4301679457632737,116.51628954914464,771,85,8.627703811518373,87.25
47483,47,1.4400976998736217,129.64791493481508,881,93,9.867489296837338,87.25
48515,48,1.4804307498596563,118.69131130568275,710,89,7.016157079023109,88.5
49546,49,1.4705495458758941,107.1144176798061,621,84,7.12834683022825,89.5
50530,50,1.3299363514896485,100.30260602561118,646,86,9.013626369963173,89.5
51522,51,1.3307167395721633,113.04499578856536,756,91,4.912287976542919,89.5
52575,52,1.4869772347392922,129.62102070798497,713,78,7.422391179562722,90.0
53612,53,1.3817018578732363,118.4184929406593,676,71,9.138154611000097,90.0
54625,54,1.3425617317673442,109.89972763521718,699,76,5.835728811528793,90.0
55606,55,1.3468697941197227,100.05715141212946,525,74,9.034361354472523,90.0
56669,56,1.4497312759437546,107.95623394558335,642,76,5.575880947745658,90.0
57716,57,1.3911973693352284,108.2981536653873,720,81,4.39175938263803,90.0
58780,58,1.419745028467159,115.72489976738233,584,76,5.643875566274725,90.0
59801,59,1.3616649476511344,121.5749644793878,663,83,9.457722554214206,90.0
60846,60,1.432225648118449,121.2198540995689,613,71,9.027113411241796,90.0
61892,61,1.381140024390297,106.80904406066367,700,73,9.387856961285982,90.0
62881,62,1.3628903939418229,123.91394116577302,681,68,5.802733905448809,90.0
63932,63,1.5202710780527773,127.18121135313126,838,73,7.612259126008711,90.0
64982,64,1.4418837882921225,101.93124883833441,637,61,5.354436655090221,90.0
66021,65,1.4250441294287086,121.6172657554166,843,64,6.350974968609519,90.0
67095,66,1.4682487589627566,111.38832600245365,647,56,5.905893350985718,90.0
68163,67,1.4587697238653332,104.75871407668885,730,60,6.0351914166968665,90.0
69163,68,1.4202510848310794,105.28291160191952,734,63,6.280303278842292,90.0
70224,69,1.4735007326357443,122.39668766247594,727,58,4.525728176622704,90.0
71222,70,1.437061621153618,105.45022283341365,541,54,6.446739915496172,90.0
72222,71,1.4122765847206455,109.52276571897353,757,59,4.312638846619761,90.0
73279,72,1.510443913730271,121.76033078809608,748,58,8.482628511518563,90.0
74332,73,1.3945887443816807,101.37087016948841,551,49,8.585017030740538,90.0
75348,74,1.3749563999832783,106.7867426441428,713,51,6.002216287506753,90.0
76367,75,1.4594902972520967,123.3728614267765,768,52,6.7689837168369245,90.0
77429,76,1.4761701771487814,122.27380889339811,710,42,7.729002062614179,90.0
78446,77,1.415176031246584,128.59303859689925,692,37,9.955673036283505,90.0
79442,78,1.3596194081255717,112.05344204591769,712,41,9.89121422990958,90.75
80426,79,1.3260343457588768,111.01614175207725,570,38,6.492172952455559,90.75
81425,80,1.3559273959197076,109.61696352285993,744,43,7.103201154256146,90.75
82419,81,1.4302053703687558,123.54769171062941,719,38,7.386578960512469,90.75
83415,82,1.348002143903265,121.77186975793043,734,40,9.408819011719828,90.75
84435,83,1.4571321054668185,103.59768158568006,652,38,6.393196093850185,90.75
85502,84,1.540426277336976,125.27370078086282,750,41,9.536601875539672,90.75
86556,85,1.423122366429628,122.50155760452807,734,34,9.274243920691566,90.75
87579,86,1.4083905197927031,124.87339314620804,740,49,8.538489251318158,90.75
88619,87,1.4199297723382902,122.70769243072021,689,45,7.853977358646381,90.75
89699,88,1.5076762779550315,120.2932964882859,679,44,8.187916890251357,90.75
90761,89,1.522585014505423,111.1601556496628,567,40,8.905035966512306,90.75
91802,90,1.4631291110216376,109.31829263159435,624,43,7.676484592901217,90.75
92853,91,1.4947530434335015,108.57278586435255,756,46,9.176848043142186,90.75
93877,92,1.3479203906361568,105.76034179161353,669,44,8.879551777174974,90.75
94948,93,1.4718959138825758,123.47905014338068,794,45,4.348889813972823,90.75
95985,94,1.4794757605761775,113.51504693920312,787,31,7.270897891253894,90.75
97029,95,1.4702258202996272,127.11383080957432,852,32,8.542138639296553,90.75
98019,96,1.3828382044938337,106.91318714296919,696,28,7.829325681827843,90.75
99006,97,1.3448445745554907,109.9260649946456,662,26,9.941484400895394,90.75
100083,98,1.5553956303421779,114.34295613129675,680,30,4.263749134258845,90.75
101095,99,1.465898788129407,107.88116030144914,561,28,6.696446606784195,90.75
102164,100,1.417318095090631,107.13278386438527,558,26,4.795432235150579,90.75
103181,101,1.453025007231377,130.7141750186884,794,41,5.713912212219416,90.75
104218,102,1.446426612368575,125.54916891240845,836,55,6.409389516898191,90.75
105267,103,1.4351585372507467,107.3925175637052,710,46,5.463825117383275,90.75
106316,104,1.3879552952694394,100.82422888995399,666,41,9.394767975107419,90.75
107341,105,1.4126544519831346,122.53321798574686,692,42,7.733703249348729,90.75
108322,106,1.4108505669063052,113.05729718561186,748,47,8.306582272464048,90.75
109386,107,1.4126164810025852,127.93086897448939,670,46,5.620527355028766,90.75
110402,108,1.351179772038574,117.34200066737947,681,47,9.660443660968896,90.75
111437,109,1.4937487786166506,105.55482220797151,641,44,5.871846803854059,91.75
112430,110,1.3907998730809925,118.71732533974756,629,42,6.846256374634127,91.75
113502,111,1.514298207673658,131.30235359643032,845,54,5.816240977015422,91.75
114539,112,1.3940785388803296,113.74688064626048,766,50,7.39697864109721,91.75
115527,113,1.3509242593257438,101.06196702448861,696,49,5.648250330855132,91.75
116603,114,1.435581325582372,117.15885921642639,808,50,8.856935744986254,91.75
117661,115,1.4982501005842734,117.93152796089453,804,48,5.158386191830176,91.75
118655,116,1.4090515501989225,126.55289334942137,818,51,5.86689982527503,91.75
119721,117,1.4812035919661009,129.9434442762732,894,54,7.592860569540125,91.75
120775,118,1.390032800932213,111.21286444584727,574,45,5.264573708767241,91.75
121797,119,1.4676055147357114,127.80014757218807,756,50,8.26335352144822,91.75
122816,120,1.4278535019298246,120.42985970341441,656,49,9.460678822340583,91.75
123835,121,1.3925431426299593,125.62228807142698,663,54,6.1420806456411015,91.75
124904,122,1.4606968954214825,131.18171897447007,727,57,5.826715764478366,91.75
125912,123,1.4308707045169884,124.87519039731396,855,61,7.5852291566362675,92.0
126957,124,1.4833982453322812,129.68368432511474,856,62,6.461435791228668,92.0
127968,125,1.4531822120099844,123.86783321637526,665,59,5.086851998606453,92.0
129007,126,1.4674996834351062,125.42450690366289,677,60,7.838357100295237,92.0
130046,127,1.47738225650638,118.57562344261612,692,73,5.911714377249536,92.0
131108,128,1.4482064965203967,131.2213415963172,905,84,9.141870837357382,92.0
132110,129,1.3376839749699974,114.8687546332998,790,73,5.8992397371874565,92.0
133188,130,1.4171539722075666,117.47121863186496,746,72,9.238016263953053,92.0
134191,131,1.3402341264189634,114.08913804932008,688,65,8.980052192083747,92.0
135224,132,1.496240393371458,124.35632435226493,763,66,6.099058704202817,92.0
136275,133,1.3913845742062316,109.16202293329812,740,62,5.090396862593739,92.0
137280,134,1.4560514977362942,121.23187889167576,793,64,9.932353824213621,92.0
138290,135,1.3963851743531213,100.07901555884372,581,61,9.907208088207604,92.0
139290,136,1.3746141735325692,121.1432833475884,710,63,4.992139210466841,92.0
140309,137,1.3932221256240815,106.58993502802197,706,60,4.778779840745825,92.0
141374,138,1.4727910918550355,127.96165857571229,690,55,5.007640298159552,92.0
142415,139,1.4337165935939364,124.62325620980798,853,64,5.206296628998074,92.0
143460,140,1.3991122219060377,119.74797608052857,617,62,9.167651607911447,92.0
144502,141,1.4040916505397965,121.28795279634733,790,66,8.156666616037228,93.25
145486,142,1.2965594182140228,116.43228851475793,613,64,6.081093420034225,93.25
146549,143,1.4646008060094844,128.2336454850859,833,66,4.016436418227876,93.25
147586,144,1.3860970690274441,104.0639231889201,718,56,4.87516886525164,93.25
148601,145,1.357759927368579,110.61053217248482,755,65,7.130531834756534,93.25
149636,146,1.444236277311041,104.43663964492103,707,61,9.360008295734907,93.25
150714,147,1.5128040810168843,113.78381588705103,795,65,5.117150496576209,93.25
151790,148,1.5445533975679935,111.90380161783591,726,60,6.185515775817086,93.25
152778,149,1.3771186838747147,100.6788665439191,516,56,9.705688149794259,93.25
153790,150,1.3673827741459528,109.22586110513818,736,61,4.193962306578673,93.25
154801,151,1.3718922798217097,111.6857432185181,731,59,8.434322524265308,93.25
155803,152,1.360193758241053,106.74380228715148,577,58,8.907003139382653,93.25
156784,153,1.4180746535255915,108.28196362060034,663,68,4.056971714771517,93.25
157825,154,1.429757544890349,106.64539192805834,725,70,6.474757769074151,93.25
158850,155,1.4207798901431556,100.13251104497346,590,65,5.115803291016577,93.25
159926,156,1.5381894845791575,122.10775918265335,752,67,4.962333175864553,93.25
160974,157,1.4189236400761565,107.5104100193498,612,62,7.375058709175838,93.25
161977,158,1.3833693335958657,105.12787302742908,559,59,8.553238209945734,93.25
163016,159,1.424836843376083,115.48799585005537,577,61,6.4455390081042845,93.25
164090,160,1.54454314176417,138.5549713826124,801,63,8.255292605188835,93.25
165097,161,1.3390819008680457,107.03544800660232,657,60,7.7064923457585826,93.25
166109,162,1.3502938004688363,105.0996168482774,706,73,8.44139844081568,93.25
167102,163,1.3690287922705462,104.3573291352563,551,70,9.674972632490139,93.25
168126,164,1.3999268075422302,101.77005580906774,561,72,5.614544733771526,93.25
169163,165,1.4104289893112838,109.71371255239887,607,74,7.8892433372678745,93.25
170191,166,1.4384984159817178,130.05205547238023,778,77,7.627196233472041,95.0
171219,167,1.4257362122305257,128.9799067816667,820,90,9.030582025831654,95.0
172295,168,1.4756361269964284,104.67211870133073,601,86,4.887509926582778,95.0
173278,169,1.3100166652336716,97.5397138038441,633,89,6.442534880582636,95.0
174309,170,1.4206376396388554,124.29477870861326,626,84,7.623765055299113,95.0
175363,171,1.4938037854779227,119.69801558076126,673,89,6.185081975756991,95.0
176362,172,1.3278328374447377,112.67636477305076,616,74,8.83179995252076,95.0
177387,173,1.3651266484647333,123.77193197996256,860,77,8.891233152872815,95.0
178388,174,1.4306914372171393,101.21142864195505,671,75,8.79691789851208,95.0
179418,175,1.365909069035161,100.25727344878683,619,72,9.121170872483589,96.0
180452,176,1.4387469788741498,118.6103147508189,716,86,8.206085487331059,96.0
181491,177,1.4844018756540474,120.82186863189366,799,89,5.3572236419504415,96.0
182501,178,1.3819545218390756,118.97950179106341,682,84,5.388013202536579,96.0
183510,179,1.3888507298770583,120.27670436255208,671,83,9.70474914701333,96.0
184579,180,1.4167868103705379,112.11845775646879,725,93,9.957858086165734,96.0
185579,181,1.4482384698605286,119.20807509010194,671,86,4.71127299663971,96.0
186599,182,1.382575817641587,119.06875269385779,623,72,4.459511833896026,96.0
187679,183,1.5042071703823023,133.96838502064736,793,75,9.773952025316108,96.0
188688,184,1.4284809612484946,123.16190150758844,622,71,8.624616262037367,96.0
189738,185,1.4274743466281885,119.02698034250747,689,73,4.219730666200362,96.0
190788,186,1.521362216886799,118.74970695307064,681,70,8.459888996541611,96.0
191815,187,1.4372279562905719,129.2791452344961,898,75,8.818836257868726,96.0
192820,188,1.4549397751270132,121.97017928632351,773,71,4.1939368442039715,96.0
193853,189,1.4372517334472905,125.01603468246996,687,68,8.669333985304116,96.0
194907,190,1.4140985031329911,119.8800998569635,702,79,8.917766069922681,96.0
195962,191,1.4444705828560294,103.19740832665073,695,75,8.478021275762503,96.0
197038,192,1.43898973328377,107.47470368932495,612,71,9.32425136615682,96.0
198084,193,1.4958706845593754,105.80524985490246,610,66,4.02226194028762,96.0
199112,194,1.378194498000749,113.90491285223533,691,69,5.100489603056132,96.0
200162,195,1.4235847378695996,100.25931389771776,673,66,4.557081053816211,96.0
201185,196,1.391233610916251,125.22955471662752,696,76,8.335551791476012,96.0
202231,197,1.4089811913829897,103.13879810777445,600,73,4.473464087439658,96.0
203291,198,1.4685312067138552,124.74215292925868,810,75,7.750912736795914,96.0
204347,199,1.5145573074156207,106.29720863646233,711,74,5.494184576827895,96.0
205421,200,1.4319664165549957,129.3299545507228,750,78,7.6528746402336925,96.0
206405,201,1.3733452818785716,106.09858841029298,629,73,4.187807371702019,96.0
207479,202,1.4310726986133877,124.03997962880894,820,75,6.507604697321655,96.0
208461,203,1.348876951161839,104.20709758465445,703,72,5.71353779796348,96.0
209492,204,1.4585583616973061,123.90262474546526,835,73,9.714802260545191,96.0
210491,205,1.4233425604179275,104.82189039331632,711,68,6.727194741760271,96.0
211496,206,1.4530721787277163,102.94753130086455,697,64,9.54963151528258,96.0
212511,207,1.3950732174460707,111.54769776863817,577,62,4.364076723728332,96.25
213591,208,1.5569672035382862,111.24828607492373,775,65,9.151758207342066,96.25
214588,209,1.4083838783238687,118.21739467032877,786,70,6.081747873853548,96.25
215644,210,1.4676491220874934,117.9458995734177,756,69,5.189741813635562,96.25
216651,211,1.3467380818110186,95.73163718724425,566,65,9.926168316186612,96.25
217661,212,1.4560258695508377,106.9683156530749,579,66,4.802384970210914,96.25
218706,213,1.3777191475657562,107.03258352283005,547,55,6.64702987722676,96.25
219706,214,1.3779649003972456,97.86943969436254,542,53,6.929031441813617,96.25
220707,215,1.3538285290637428,107.84240188503415,688,55,9.394460606042747,96.25
221715,216,1.3854871513806324,123.29991944817405,729,58,9.685584394296264,96.25
222770,217,1.487158359999845,106.56846452279709,630,57,5.286813320106974,96.25
223769,218,1.37760671405161,102.9671489829103,531,47,5.404284792205122,96.25
224756,219,1.3720384337663256,106.00679543403872,697,49,5.700812945467964,96.25
225823,220,1.459680566895044,105.6634075359671,533,47,6.400071420858946,96.25
226879,221,1.4634888378957664,124.70231343790465,630,48,4.263574308368625,96.25
227940,222,1.4140106865461723,123.09645744332965,807,62,8.424985532966623,96.25
229015,223,1.4429646582699123,122.10185903814333,657,61,4.0781252260251915,96.25
230069,224,1.46829918363741,105.10543062308399,578,59,7.6139000139470925,96.25
231054,225,1.3279396181637566,111.17579882828377,565,58,5.432768171959137,96.25
232086,226,1.4693235557283784,123.29757115645243,758,61,5.226700441667771,96.25
233147,227,1.5309751002309389,111.1931235276394,682,47,7.5275935811185235,98.0
234159,228,1.4028842770394485,104.01683804883618,668,46,6.542671203709586,98.0
235164,229,1.3604958761508412,121.73058568113022,753,50,9.358030670123872,98.0
236232,230,1.5323344535115615,123.72685205131279,647,36,4.840167975499498,98.0
237255,231,1.4516587675840762,113.48215085483064,777,38,5.900474103244925,98.0
238299,232,1.459085686835034,116.38846452533957,682,33,9.821644751021799,98.0
239363,233,1.429081808805664,123.64082086808233,822,35,4.697778531277089,98.0
240396,234,1.4508763107730973,116.32326289432437,679,28,6.446525870390641,98.0
241456,235,1.4794520013314818,112.9972663725254,645,26,7.301674590215244,98.0
242461,236,1.377543187765657,111.15892528797794,650,31,6.0584295204597565,98.0
243497,237,1.4882077767276887,120.93458726128902,791,33,9.962301495269129,98.0
244498,238,1.4413670753651826,129.50466920599467,870,34,6.339372996128075,98.0
245566,239,1.525673682039897,122.12637550466982,722,29,5.707955623342412,98.0
246579,240,1.3701532580404072,110.65238716848378,682,25,6.456183054269274,98.0
247619,241,1.4984087906657317,124.84917913305476,833,26,6.601745972542925,98.0
248641,242,1.3978522853449784,105.13657097807186,569,23,8.124117107517716,98.0
249691,243,1.5047902863258622,117.68521793389792,685,26,4.807028094590233,98.0
250675,244,1.3414015567697972,108.96318236174875,695,31,8.692492824161624,98.0
251677,245,1.3915210273891474,98.96256685019713,628,28,4.113692006768951,98.0
252683,246,1.4417301157988391,129.77494745902803,842,31,9.666115315488486,98.0
253703,247,1.476699187274005,130.8462235134264,702,27,4.87303804272032,98.0
254723,248,1.3449439033780515,100.18979001936731,504,24,9.097553148257653,98.0
255709,249,1.3808220131568363,106.59120472741427,651,26,5.472008396493219,98.0
256777,250,1.5127843122194289,136.07137048478808,748,36,6.7317731570942785,98.0
257816,251,1.449750282779285,117.51036256432046,704,32,9.75052345921694,98.0
258888,252,1.4210977871004569,103.73593817131646,700,21,4.57640776439589,98.0
259887,253,1.318776830286763,94.28747569936242,539,19,6.424710994988643,98.0
260881,254,1.4282975102138282,108.4095283990471,716,21,8.726667760096205,98.0
261929,255,1.4705701400391313,115.31848942261482,581,17,9.867851440446165,98.0
262940,256,1.3649806567994855,106.16126437994996,544,16,7.024538044578147,98.0
263972,257,1.4486012649309652,128.70460651360997,689,20,8.020950181485967,98.0
265015,258,1.371757116608414,103.00878996854458,681,10,9.900357512490508,98.0
266015,259,1.4143459096906768,113.46425225598739,752,11,6.530887182175041,98.0
267003,260,1.4126108273999276,99.17670879765531,629,6,5.607741556469707,98.0
268040,261,1.393601580374006,126.45549645733173,790,7,6.504757780806801,98.0
269055,262,1.3795375685135602,110.47577280768522,632,-6,9.211714085956,98.0
270081,263,1.3665317179876046,111.26795408815111,764,-5,5.298025796055047,98.0
271113,264,1.4624362031796803,116.01853087572805,708,-7,9.273984380792612,98.0
272140,265,1.461153433645588,129.49706429579857,801,5,6.006189842054077,98.0
273141,266,1.3600579256025649,106.64480153848547,735,1,6.889050314801132,98.0
274167,267,1.3882990857785815,100.47581896093472,624,-3,7.311049574332942,98.0
275227,268,1.5259777341730323,124.89353762472253,643,-2,4.274404070490815,98.0
276277,269,1.4320036315743248,105.3056917682576,695,6,4.900576993474109,99.25
277271,270,1.4286871258001372,118.57428915526701,613,4,8.610472130244885,99.25
278306,271,1.3604410135584983,107.18137841638135,625,9,5.741374031444405,99.25
279298,272,1.3463397344259207,113.41712062702193,638,12,4.671755050717453,99.25
280310,273,1.4066472438475262,108.41260844161236,627,9,6.507946595000466,99.25
281381,274,1.460684778187828,102.84680997941578,538,7,9.539220681791614,99.25
282426,275,1.4709545854349912,114.14273989799374,649,11,9.052103562455379,99.25
283466,276,1.4547379659442268,129.39248054158125,871,14,9.154351649922065,99.25
284518,277,1.5120984330102243,105.91760068681413,587,10,8.493979190094224,99.25
285596,278,1.4269342792015485,104.44572903379652,623,25,4.855754459418291,99.25
286643,279,1.4049785969073818,103.14951924213045,556,14,7.889992696796282,99.25
287673,280,1.4831136832605232,121.1682374541805,779,19,7.01996141311456,99.25
288663,281,1.4177868274846879,113.06673945153109,789,23,7.46143153890038,99.25
289723,282,1.420457546202809,123.16846389613164,723,18,6.310680379707119,99.25
290747,283,1.3805717547232332,125.43090239934926,748,23,8.917027248162293,99.25
291737,284,1.4220443619610277,107.70536983180267,714,20,7.990563367656717,99.25
292785,285,1.4411798974918661,105.96027483917668,683,5,9.393539924726475,99.25
293857,286,1.465792290891194,130.36785575678346,701,8,6.782427700408393,99.25
294882,287,1.4239793230434115,122.69342308686876,753,9,9.205627870601438,99.25
295954,288,1.4684922285756563,113.05105029239101,635,4,4.054061325595912,99.25
296956,289,1.3899018483370955,119.19321504789077,690,6,5.136431070470566,99.25
297947,290,1.3066725119884695,97.28944616544317,646,1,5.83663134669356,99.25
298980,291,1.4248940865129809,114.8283865822043,656,14,4.862742115369445,99.25
299973,292,1.3270818263071456,96.26660442144524,609,10,6.949987397704122,99.25
300998,293,1.4629803376454995,112.9682295635769,641,13,7.948085183922515,99.25
301989,294,1.4176436153689684,109.43259041706244,629,-2,4.042183181384358,99.25
302976,295,1.3089797988147898,118.2426667174849,723,1,8.05301972149663,99.25
304050,296,1.472298638040781,112.67600156427335,651,-2,8.180029927172805,99.25
305033,297,1.366252543138419,118.615128729514,753,2,8.237159547084737,99.25
306063,298,1.379106281287743,108.68535704577393,544,-2,4.8833547730743305,99.25
307074,299,1.3673168773427211,105.47714386459121,657,3,9.705808953645217,99.25
308092,300,1.4160682428365121,101.72029974747946,699,7,7.66650053314395,99.25
309144,301,1.417955403938633,124.87067425802863,716,9,6.656340485682719,99.25
310133,302,1.3989574093225559,117.31517100937667,704,2,7.159031008550045,99.25
311194,303,1.4815100974800837,119.03502119500094,602,1,5.738200407941754,99.25
312176,304,1.3729919038924179,119.93413528368144,755,2,8.28468416779821,99.25
313238,305,1.426120845451234,117.53861573609282,678,-2,7.8953578056318685,99.25
314309,306,1.463215091983575,106.86369628059805,546,-7,6.123367392332344,99.25
315306,307,1.4121600571228892,106.31587051715074,535,-10,8.974882677291212,99.25
316294,308,1.347662622846552,118.4602149347669,769,4,9.557578792876454,99.25
317305,309,1.4049276406795872,100.10554623972197,513,-1,9.381811459881147,99.25
318323,310,1.4034366119878896,122.25148852908161,848,1,4.868366637918432,99.25
319366,311,1.4876680647348528,112.03631840757338,697,-3,9.087619949997453,99.25
320349,312,1.3535053567370847,109.12904267621995,709,1,4.93684584456117,99.25
321361,313,1.3884445107488539,110.97474764660186,681,0,7.266629218191458,99.25
322388,314,1.375415616402862,98.52478267840245,556,-1,6.7913932270187205,100.75
323410,315,1.4093655166592962,121.80914968509707,660,0,7.947070843437798,100.75
324471,316,1.5042511797083762,123.89594751797783,832,4,9.10723287894266,101.5
325537,317,1.5309198669805697,110.37257838855697,661,-4,5.562855390404815,101.5
326555,318,1.3802657787731705,123.5357231397642,855,1,8.825961921987894,101.5
327614,319,1.410611048978145,109.34610231807706,652,-2,5.137708404693671,101.5
328600,320,1.3923106720250213,118.10050669360719,592,-3,4.4514379265625275,101.5
329632,321,1.4944831045060931,125.61129015464073,753,-2,6.248101073702972,101.5
330696,322,1.5243993745001236,128.99162928330747,786,3,6.45819780236773,101.5
331715,323,1.379638277677871,118.24588073336207,802,5,7.202445848507412,101.5
332778,324,1.5134014530646307,129.3023418533635,787,2,8.489866321067485,103.0
333800,325,1.4467307067601713,103.76577698561736,696,-1,9.212924813090257,103.0
334873,326,1.5357445803882115,108.38572049095697,693,-5,9.41490711170474,103.0
335883,327,1.4019031856597544,103.56980229465864,523,-9,8.07677282627532,103.0
336936,328,1.4535087686734276,121.42911400086734,616,-5,4.8818253509707015,103.0
338000,329,1.460228929872763,124.83197329539706,700,-1,9.512103715507351,103.0
338985,330,1.3629477381762458,108.03588496256756,574,-6,7.027635927485836,103.0
339978,331,1.3593512451127292,95.84249361794558,564,-13,5.0452737937153636,103.0
341048,332,1.4111329385866331,110.21306750620043,656,-12,9.89668087419491,103.0
342087,333,1.4785454249279966,119.74233688913513,631,-14,9.547986076167845,103.0
343145,334,1.3950110093227912,106.70481797951904,656,-10,9.991680535924441,103.0
344155,335,1.417068251010817,109.55788522986605,574,-15,4.623616074679656,103.0
345151,336,1.3886185371622086,99.0370946807208,563,-16,7.301389847907303,103.0
346172,337,1.4641645961564735,114.25410381702628,610,-14,4.928902766469898,103.0
347217,338,1.4656041127899326,125.1752449997987,835,-5,7.0080333698758395,104.25
348254,339,1.4474248929760287,110.50995764619617,727,-12,7.8102086706976,104.25
349286,340,1.4897373070935271,135.45770505136514,699,-14,5.796957249497399,104.25
350298,341,1.357105033342623,112.50165459812979,720,-10,4.2438029945318885,104.25
351356,342,1.5097916677735772,115.42430353316544,737,-8,6.881917172787295,105.25
352380,343,1.395643826872282,109.16014941711384,663,-20,8.01509252143227,105.25
353407,344,1.4256368300131894,103.36186551294281,534,-31,9.799990091017072,105.25
354457,345,1.4730456623476653,112.73997120482225,735,-30,6.5800148583185365,105.25
355513,346,1.4096032948896724,118.1567171185872,603,-35,6.12369173184834,105.25
356509,347,1.3529757414358843,105.4372417440208,529,-40,6.856764619426637,105.25
357580,348,1.487471159592558,130.1591983522072,658,-35,7.243769484230986,105.25
358645,349,1.4336357862475257,111.02350273333045,569,-48,7.614187085329789,105.25
359630,350,1.3970793704062234,106.3967980267738,719,-45,4.964492059120735,105.25
360676,351,1.4454727275283539,129.09425305021114,819,-43,5.121415570574101,105.25
361755,352,1.5615804000424645,136.489940315606,877,-34,8.08057373021896,105.25
362826,353,1.5209160043774412,112.13034563389621,634,-38,6.641789538315212,105.25
363824,354,1.4137753215958435,116.46355653498317,645,-34,4.400064052050025,105.25
364839,355,1.3475772833423507,120.57705688802781,689,-29,5.977196813976434,105.25
365856,356,1.3961258620898527,109.56152519153983,597,-30,7.249415709983844,105.25
366933,357,1.4391476531733904,116.79863097011744,651,-26,4.5352134689380605,105.25
367965,358,1.35710251472507,96.93962296385303,506,-31,4.457521621885441,105.25
368969,359,1.3713377646378373,100.11752390273459,655,-28,7.732578706683304,105.25
370002,360,1.4000120486527123,107.61020930158286,699,-26,4.571317621292657,105.25
371041,361,1.3800989181529177,111.59837624779833,615,-29,8.402541083124703,105.25
372071,362,1.4581985202916872,103.62742889516561,536,-31,7.026246622773702,105.25
373147,363,1.4527813178409692,122.35517406496955,764,-16,4.143007431493618,105.25
374190,364,1.3775794529655345,106.19813242424375,555,-19,4.416914507231893,105.25
375259,365,1.4146213444968476,121.57162356825347,650,-11,6.535706761706121,105.25
376268,366,1.392231869954769,114.2989119910281,721,-7,9.800152718985187,105.25
377272,367,1.3258051140508524,112.84268232304761,648,-8,4.8491503377658285,105.25
378274,368,1.3172508764914028,103.02442094919867,655,-6,6.401908273067991,105.25
379322,369,1.4724358434837852,114.04585609074174,762,-1,9.699885860794883,105.25
380382,370,1.4153548033346905,116.44094065783113,678,-6,4.986410975485523,105.25
381411,371,1.3696663884096707,99.3430632232286,497,-19,8.296215528682483,105.25
382463,372,1.4903390909730878,124.28622957913943,689,-14,9.729465694940851,105.25
383507,373,1.3840266318956163,97.65505599773573,579,-19,9.224836030432975,105.25
384548,374,1.4987842380782241,107.54250418164348,691,-14,5.649489144185848,104.0
385569,375,1.4740526052017064,112.16589067937437,570,-16,4.138116409818423,104.0
386596,376,1.458782977743252,127.536557851698,793,-13,9.832156161860363,104.0
387640,377,1.4725744935978204,116.81862689446461,592,-18,8.168236755736302,104.0
388621,378,1.3779543495402087,124.09200473150528,789,-17,5.208602978614929,104.0
389660,379,1.4797519509887025,120.30747667982119,726,-21,7.55530281854694,104.0
390656,380,1.3703778657914916,119.91769323314833,817,-16,5.729042180580935,104.0
391687,381,1.3624941222076197,113.91919783877238,659,-17,5.3674405148476,104.0
392693,382,1.443305392163573,117.93500963112075,630,-22,4.113572846962554,104.0
393721,383,1.3866881981278334,110.78571976026963,593,-24,4.038625107262148,104.0
394722,384,1.3662034742473683,121.7483065155465,779,-13,6.1157727292729875,104.0
395735,385,1.4627476664222347,124.28966321828547,826,-10,8.434030967311106,104.0
396779,386,1.4487514819994611,131.04760298240424,878,-8,5.004162858721831,104.0
397819,387,1.383307536341651,121.53460474887449,646,-12,4.016800895495893,104.0
398802,388,1.3872141702468284,120.21237870380087,604,-14,9.895576195335918,104.0
399803,389,1.4341574383163298,124.2591467412596,703,-11,8.780044699670965,104.0
400803,390,1.422820112954489,114.01643594932888,779,-7,8.918662845294232,104.0
401791,391,1.3839481083719372,122.61924835823719,675,-8,7.298035462870096,104.0
402848,392,1.4978605108854781,115.822768096371,740,-6,5.073128740109343,104.0
403898,393,1.417241956838685,102.52076840064348,630,-11,7.4957863265735964,104.0
404943,394,1.5009179507102066,125.46021748460049,714,2,9.82971692695464,104.0
405935,395,1.3818387723895385,121.87257139202339,836,4,4.735041658080835,104.0
406988,396,1.4953015324159258,126.51289438597401,666,2,4.83057047380819,104.0
408057,397,1.4269180800487269,120.29260989809455,678,6,9.429182953897252,104.0
409134,398,1.5513497650788346,132.25859718939313,906,9,5.252592798211556,104.0
410193,399,1.4164727846072054,124.6564280675948,824,6,9.921181030854846,104.0
411204,400,1.3938306851277402,116.57540792898467,787,5,7.132616998715378,104.0
412257,401,1.3862954632779037,118.675711351962,750,4,6.352387919089962,104.0
413284,402,1.4716049320281124,129.09641983258686,766,6,4.516542137099952,104.0
414303,403,1.3665586871733186,104.6335622326177,639,3,4.68969982555727,104.0
415341,404,1.3998710276688846,114.27717669608957,755,7,6.467505038454141,104.0
416353,405,1.4377644316029414,113.79182052613386,743,3,6.603080238158807,104.0
417370,406,1.3489707695414415,106.81119565947235,628,1,5.248231809269429,104.0
418436,407,1.4595695285894306,115.37922706773162,659,2,9.452514901797656,104.0
419514,408,1.497715216424969,117.44859337434535,725,7,8.075948016935758,104.0
420567,409,1.5062972559303722,129.00879158576458,743,8,9.489835382255972,104.0
421626,410,1.4820120643171244,124.18456228439274,752,23,7.459155030808624,104.0
422662,411,1.418106728534828,127.9422644430528,642,18,9.725962807618648,104.0
423646,412,1.3720316464923017,109.26078630389014,721,20,6.130421808968473,104.0
424724,413,1.497035577507714,122.70803130596408,640,19,7.79885529630943,104.0
425771,414,1.5078919463091847,106.97049576914877,708,20,5.958309793507299,104.0
426765,415,1.3818372837205855,122.66694632655206,853,21,8.675648029814873,104.0
427761,416,1.3273530514421055,105.66643333606241,613,17,7.823628983421891,103.25
428769,417,1.3720840163267924,119.7116238126826,828,32,7.650780740979451,103.25
429775,418,1.3435107283387016,119.15510930877774,809,31,9.330955056729346,103.25
430770,419,1.3702132287977917,120.71020703433632,617,27,9.164535932698644,103.25
431806,420,1.3634689155625046,102.07947523424266,682,32,6.280120854008016,103.25
432802,421,1.3288192899756477,97.38960888862158,616,27,7.73812293914186,103.25
433848,422,1.4850719280304556,110.67855935417379,664,28,8.720642843656423,103.25
434872,423,1.358973613523543,113.64852185728522,593,26,5.7915220104415255,103.25
435908,424,1.455027541448017,110.93602578183473,648,30,6.715881823664443,103.25
436919,425,1.3586756916182963,113.5583583011717,700,34,7.688047228569963,103.25
437960,426,1.5059716048855971,118.55513377948769,809,38,9.29629434830076,103.25
438982,427,1.4040746553736363,105.02745634573762,548,34,5.145947394183715,103.25
440031,428,1.4442492439982042,108.31953047954586,729,36,8.131285209131038,103.25
441031,429,1.3807882097582342,98.46678671551142,534,35,8.311487332890847,103.25
442031,430,1.333238108085516,113.87955976658384,570,37,4.666814676372255,103.25
443079,431,1.4467518552096637,116.8927615912179,807,42,8.282367710314329,103.25
444149,432,1.4617495039249206,116.06944608666262,751,34,4.734790954711429,103.25
445219,433,1.413026718489503,112.0940040186468,653,31,6.349426568661258,103.25
446203,434,1.3126794031296798,98.36299163312766,542,26,9.652297530484612,103.25
447185,435,1.3504859562067946,115.51179184101323,620,35,7.783103462072825,103.25
448217,436,1.3615598241875648,118.60021406860596,726,37,6.95739217754649,103.25
449286,437,1.4410459189890905,131.03289507624297,847,40,6.676916126590473,103.25
450360,438,1.457670941961691,114.80087637100797,736,35,9.79534544249683,103.25
451350,439,1.3389074776377912,117.38576702156972,741,48,4.339078569638006,103.25
452347,440,1.3705451536982864,119.89838079747648,770,51,8.718952960179953,103.25
453361,441,1.3890169095358054,109.475876307446,751,47,9.58738440916542,103.25
454352,442,1.355776588800827,118.28981880537103,746,34,6.390058855127557,103.25
455350,443,1.376287905522879,100.00468896791668,516,23,8.057065052932145,103.25
456413,444,1.398149770328897,103.27783326251397,716,28,9.147713199278257,103.25
457410,445,1.3724051153252703,103.75668727939374,653,26,9.80616091651331,103.25
458477,446,1.4401623065539966,103.04583606218189,619,23,8.02954225195296,103.25
459494,447,1.3694550814658695,97.04216304866108,552,21,5.362082964150176,103.25
460513,448,1.4197490877297094,114.17546713944655,574,23,9.617136166271017,103.25
461542,449,1.3846008831562193,119.93632055929466,682,27,9.302754331011087,103.25
462574,450,1.4756014918759908,111.65398380428586,763,31,8.981052618669148,103.25
463603,451,1.4548083671041439,118.12320442608342,715,24,5.97460661997637,103.25
464669,452,1.449731193002542,129.6201493067192,811,37,4.010647536520509,103.25
465672,453,1.3242222004877053,119.5178983597609,621,34,4.027761564038691,103.25
466737,454,1.4792506640766498,118.03808317761073,808,44,6.325138038940253,103.25
467800,455,1.4623305966878897,106.21055450885386,717,40,4.9421295292230845,103.25
468840,456,1.3832643680753458,125.34613628228296,768,44,9.302290221835431,103.25
469876,457,1.3791689738002701,125.13194811229235,742,43,5.570766315836133,103.25
470935,458,1.4662858172787945,105.02770846976004,573,42,5.90733759553464,103.25
471943,459,1.3781114601158724,96.71453332448635,497,41,6.409620600098627,103.25
472962,460,1.4369955367561251,119.50437234942464,717,43,7.128741585425946,103.25
474019,461,1.4982338412735452,130.5353882686603,677,41,8.39133499023264,103.25
475099,462,1.433845940140991,107.48855242613972,712,42,4.36620750741234,103.25
476121,463,1.361463316829551,97.0470462827745,575,38,4.817540285107833,103.25
477147,464,1.3900968445434292,119.57154444701942,793,41,7.635051116953297,103.25
478148,465,1.3357120687740343,119.36248686641723,767,40,7.720008890428698,103.25
479165,466,1.4377376178899686,111.35723525373349,593,36,5.600287931202018,103.25
480196,467,1.3921451656220691,101.39078321399471,551,32,5.6896433596665945,103.25
481269,468,1.5113122933333025,124.63190798696289,669,33,5.714287843167699,103.25
482277,469,1.391412730918257,118.65142512715924,612,32,4.18005293183913,103.25
483350,470,1.480598871679905,118.87188171450558,789,34,6.729729688489591,103.25
484338,471,1.380215473836985,98.04696265590842,505,29,9.477213934219751,103.25
485363,472,1.4082266238702632,125.55139708202597,837,38,7.498827697583632,103.25
486348,473,1.2984909237577749,108.02651245784551,633,37,6.287221121873597,103.25
487383,474,1.4920493153266559,130.1250298080146,816,48,9.247126243447505,103.25
488449,475,1.4173748967498916,125.2267696903814,822,53,9.62630786998713,103.25
489492,476,1.4447007714067488,103.7436498385214,578,45,4.400703864336343,103.25
490547,477,1.440635352874277,117.10906921454487,602,47,7.36202857493957,103.25
491623,478,1.5387491062859608,125.45358608638949,820,52,5.565892197167929,103.25
492628,479,1.426982847533382,126.29043352866826,839,56,9.014814714450491,103.25
493698,480,1.416076809685909,126.4794352902049,718,55,7.357656581821843,103.25
494701,481,1.3660642274334913,113.78418709829207,790,57,9.479897537815551,103.25
495727,482,1.4725527860406835,111.01690540316923,661,56,6.153647801297948,103.25
496754,483,1.3948877710994723,101.98093434338978,625,53,9.510815849340677,103.25
497793,484,1.379319093757762,108.29465380754851,602,41,6.535184520734515,103.25
498843,485,1.4289571023980185,121.99407942867637,834,56,5.110544098184281,103.25
499833,486,1.4321473934226838,129.74906277003817,795,54,8.018551710407014,103.25
500857,487,1.3668935147906713,124.26075969103488,761,50,9.232877572822568,103.25
501869,488,1.439627202185782,119.51757255603579,683,37,4.422532129559073,103.25
502919,489,1.3891130184250657,119.00514044430636,601,28,4.053792746341126,103.25
503931,490,1.4126790384537995,107.95948060300422,542,26,9.349647600750773,103.25
504953,491,1.3732808961977,106.41318291385431,649,30,9.64277405744399,103.25
505984,492,1.4545597036854827,126.73727173551804,795,35,9.86920371099113,103.25
507058,493,1.5209857418510337,107.00151805098953,655,34,9.493880464055085,103.25
508110,494,1.4069719664444265,118.82856324400076,667,46,9.432079335277887,103.25
509132,495,1.4464430605920362,107.00066452051196,590,45,4.414442638719143,102.0
510187,496,1.3904590651454904,124.12154450347383,812,49,8.64949311669662,102.0
511180,497,1.3612472580426445,101.85428565560323,514,44,9.22761124865729,102.0
512198,498,1.472919819491046,123.99192413735273,831,49,5.0827482302392974,102.0
513202,499,1.4135287122013191,114.16567504207502,600,47,5.451501484914141,102.0
514279,500,1.457807456327225,119.08997898816725,731,56,9.485876790231856,102.0
515349,501,1.5406889700175106,114.98231451932084,618,41,4.938469777691562,102.0
516337,502,1.3615676228793492,104.92312374118528,727,54,7.371133816832344,102.0
517343,503,1.3852793037109437,111.15181816374923,561,50,7.267944743481264,100.25
518397,504,1.465021757547713,127.72369951573569,724,53,5.070538415285296,100.25
519456,505,1.4817389926646505,118.90031718572347,684,45,6.40467154596985,100.25
520481,506,1.3497036672054057,104.90267304595547,668,37,7.405190812604159,100.25
521538,507,1.4761857246183139,133.02287830381857,924,42,4.279860832316868,100.25
522534,508,1.3158809810819991,111.43789616078129,671,39,7.008944863045419,100.25
523554,509,1.4639282289789217,109.94053513157924,629,38,7.837635236225619,100.25
524593,510,1.4225034248875383,121.01438459100808,709,42,5.554726103665606,100.25
525636,511,1.448454323960547,112.97536908595362,733,44,8.442295668232179,100.25
526623,512,1.3116032775939492,106.08296950379395,582,39,4.4780249018057,100.25
527701,513,1.5011621769952603,121.28578161407317,774,48,7.27010426494281,100.25
528739,514,1.4269055922900085,117.91088530052494,805,51,8.091798329976626,100.25
529782,515,1.4654834829396821,112.66737381741305,753,46,5.264804888535462,100.25
530765,516,1.2969963892244527,114.48349394574392,770,51,4.610064755498151,100.25
531818,517,1.4995351302614075,114.09390026262892,779,64,9.326530618626382,100.25
532888,518,1.4937303281840615,131.0345428801938,672,56,7.472630743178989,100.25
533928,519,1.4816565549920704,120.43637855244069,610,51,4.9177291529803835,100.25
534982,520,1.4106840438752875,127.1153341533722,821,52,8.909608492761324,100.25
536026,521,1.3742204651992194,100.99825319919731,518,38,7.322782377882426,100.25
537023,522,1.3388285178508035,102.58275777834952,539,49,4.192258188357912,100.25
538039,523,1.3850584436566804,115.74943018500602,714,51,9.895726956920033,100.25
539051,524,1.358029118940715,118.2204892426957,655,42,4.941720211327831,100.25
540046,525,1.3336584183660196,119.64248484662755,725,49,8.37657503939457,100.25
541074,526,1.47687243233604,114.22962498470045,630,45,7.309473148801562,100.25
542108,527,1.4057154177540672,102.44867513752739,571,42,5.38318496616886,100.25
543175,528,1.4340948327080127,115.95025961155497,809,47,4.693031332887127,100.25
544224,529,1.4323806510972386,124.07596579147685,826,50,4.124959959263895,100.25
545288,530,1.4865702049383813,119.90051071905404,744,36,6.358844523475806,100.25
546361,531,1.482178161387624,111.93284498338289,588,27,5.906887904167008,100.25
547359,532,1.3582362797646539,119.27927197762634,770,32,6.256427337335377,100.25
548430,533,1.4417211065694782,108.70693434663613,626,27,4.883695201151469,99.75
549510,534,1.5651175473242624,118.86871195065733,664,30,9.672992375686116,99.75
550512,535,1.4111574869216288,128.23232746824846,830,33,4.668104183414765,99.75
551498,536,1.318838147691052,101.61443404371951,661,30,4.643273961063077,99.75
552554,537,1.469811207698347,116.5059967082693,810,39,7.513392707041147,99.75
553537,538,1.4016741170944549,125.60685846967144,630,35,4.137573015152874,99.75
554551,539,1.3575909919596705,95.24718453018471,634,39,6.188086340280534,99.75
555591,540,1.4394795316327682,120.47289363637532,736,50,8.79622900520301,99.75
556670,541,1.4490689927178282,127.66043040062831,653,46,5.3210497114982,99.75
557660,542,1.323106452106728,119.67306997183367,676,55,4.698342665175859,99.75
558658,543,1.4030080389173232,108.50057447964228,688,57,4.2861596904608295,99.75
559645,544,1.3217164703538444,108.85377656638022,724,60,5.757366349900093,99.75
560696,545,1.50320619888648,129.98830470193428,752,62,6.462121099028829,99.75
561763,546,1.4569718719947553,125.42012949585435,641,60,5.634922606030058,99.75
562769,547,1.4203175476062073,104.89784011772096,670,69,4.846998519394918,99.75
563763,548,1.3688840725100875,96.54499488014363,573,54,6.538439783860785,99.75
564798,549,1.3803315654976893,124.73361287720272,841,55,7.857533166357259,99.75
565794,550,1.3431277721074206,102.17872813604023,705,54,4.459334652755706,99.75
566797,551,1.373431188223545,106.44104577242094,610,49,6.459190057531937,99.75
567844,552,1.377511512359588,108.37053613881655,689,51,9.985006902687614,99.75
568907,553,1.4983111395096305,116.45097754822214,622,47,5.596317727001376,99.75
569930,554,1.4412962828211857,118.84585461371864,796,49,9.590843041325481,99.75
570975,555,1.4171846161162516,119.38172877507576,633,42,8.709025689576396,99.75
572014,556,1.4210568018420875,125.19087075353724,699,45,4.433176539404876,99.75
573052,557,1.3709066939505676,101.32612377446513,560,43,5.473881084610573,99.75
574109,558,1.4432808654543188,125.16120794326947,754,47,9.924174094975326,99.75
575150,559,1.4020076702004312,108.26151267201024,586,42,4.718930883490744,99.75
576214,560,1.4243062739070238,114.91105049415603,796,47,4.61978564515792,99.75
577217,561,1.4088056458501423,127.77998315856561,674,44,9.492780182527886,99.75
578217,562,1.4302608772413705,100.15331816288823,629,42,5.56193225882157,99.75
579222,563,1.3586723702826438,117.97865462925034,681,44,9.058575537729848,99.0
580237,564,1.4592062143886124,120.86278026919594,622,42,6.365443323810222,99.0
581289,565,1.5174290979160943,132.69290017461373,907,46,4.9244677546129125,99.0
582282,566,1.3822439097661208,122.25989852751653,811,42,9.68020813611277,99.0
583317,567,1.4252295227673124,109.65058829580052,614,38,7.364672723776667,99.0
584378,568,1.5027335445557095,129.9471477396444,824,40,8.330911868264478,99.0
585402,569,1.3963873579790897,119.0835320416522,743,39,7.101196267525262,99.0
586417,570,1.3394408317637243,95.79387388417639,619,34,4.410872082321257,99.0
587454,571,1.431313066276506,124.67780157084349,729,37,7.550017161237919,99.0
588508,572,1.4413613316059541,117.54439837472292,814,39,4.014753251556713,99.0
589495,573,1.326959355658989,117.78414780501514,604,29,9.727865058601616,99.0
590514,574,1.374964921567698,112.66301236573075,586,28,6.590198531070713,99.0
591593,575,1.542524820722068,122.53540852666853,746,29,4.160370251040733,99.0
592634,576,1.3727868229773696,124.10561772527079,679,28,8.632709108303638,99.0
593661,577,1.369231580757062,100.19507091638269,506,26,8.94140788564571,99.0
594658,578,1.3107335868338306,108.11967093879845,724,27,7.650076042172444,99.0
595727,579,1.474913690348622,132.55202087673223,808,32,8.492348092960906,99.0
596722,580,1.3746771022921622,106.22319815191806,692,31,4.7570704844961424,99.0
597776,581,1.4581649764211888,112.91355815897468,784,34,8.43316224224949,97.5
598767,582,1.3640159762864204,105.5625569249053,650,32,5.380930676980391,97.5
599758,583,1.3928032546948248,121.57285616901028,646,29,4.880003516959325,97.5
600753,584,1.4038912471195624,114.28057111353736,693,41,9.485108058979133,97.5
601762,585,1.4443232984214078,115.72391740950995,636,39,5.682116725304832,97.5
602767,586,1.3566757469664261,117.68772318324551,709,46,7.896739149719526,97.5
603803,587,1.3668456958537818,96.09150591614419,598,32,4.076056495221221,97.5
604852,588,1.516061489231126,108.81296478936656,597,31,4.3042215134525525,97.5
605913,589,1.395726510952137,119.81472127332046,750,32,9.625864034764165,97.5
606899,590,1.3780614572076908,102.19880514289734,544,30,4.103526522593967,95.75
607961,591,1.4208208485511842,128.38508540013555,846,35,4.0099665691579425,95.75
609031,592,1.4357539370664298,122.74799314013066,781,31,9.019821446588038,95.75
610070,593,1.440940359051245,110.2256461195899,731,24,5.217987781266455,95.75
611060,594,1.3255732251953687,117.83141217076442,657,20,6.5856338802805725,95.75
612129,595,1.5134677825159304,127.15257513506383,641,18,6.5769546268019585,95.75
613174,596,1.4243602438717555,119.39741529525925,819,23,8.16927805197379,95.75
614178,597,1.3525150651594808,106.76168060128863,710,18,9.619051379230648,95.75
615193,598,1.4270577116859655,128.38363922801355,677,16,8.926425730952216,95.75
616251,599,1.508377633287334,119.79882240448897,808,27,5.501896082002523,95.75
617268,600,1.3540248480025852,116.19899434915129,779,18,8.402915365658153,95.75
618320,601,1.4209415825663156,105.55491152635086,735,15,5.089909822869483,95.75
619304,602,1.344450581843207,104.77331384009257,598,11,8.52191000299902,95.75
620358,603,1.4463120477654656,102.82341984658474,680,14,8.286805896224108,95.75
621421,604,1.4344005720417952,106.72024038038525,627,13,9.789392028821354,95.75
622419,605,1.434010998416401,116.68331030163824,716,15,9.880982997822851,95.75
623456,606,1.4084463958439224,104.58433423340382,713,1,9.645587856903107,95.75
624501,607,1.4425040131595483,130.2558271619414,911,3,9.821558399284278,95.75
625538,608,1.4626524014425943,120.4626134527319,613,-9,9.043560181214456,95.75
626604,609,1.4656243217470812,121.4207574440957,828,-7,4.562080312003621,95.75
627632,610,1.372642637287217,123.46011894385705,634,-10,8.758631262476028,95.75
628695,611,1.4863264426445348,109.65097913267604,578,-12,8.892970007395979,95.75
629730,612,1.456179535139404,106.23567007251091,614,-2,4.0096443510779185,95.75
630775,613,1.4413566773462927,116.34633746930182,690,2,4.158334601260156,94.0
631776,614,1.3431583280753479,115.2020015301258,703,3,6.989746765430217,94.0
632774,615,1.362814473359362,99.89195726773926,559,1,8.231943424916656,94.0
633805,616,1.3722766898459815,106.98244433341428,641,5,7.120532822206692,94.0
634857,617,1.459750908422427,116.81471678307236,654,17,6.316262590835448,94.0
635876,618,1.4638364462017315,132.03198099170672,872,21,4.812076700306542,94.0
636945,619,1.4870769968994015,131.46490962211539,660,18,6.803364769804308,94.0
637971,620,1.40138473180801,105.217840769253,677,31,5.431242361201662,94.0
638995,621,1.4563151637465832,129.80743075074238,668,30,6.067778408704026,94.0
640023,622,1.3680317803878967,110.73276887603978,606,27,9.099504150489317,94.0
641102,623,1.5613669546239823,112.15940468032053,774,29,9.337375402616763,94.0
642139,624,1.3704385907768772,112.00093724869198,637,28,9.092084410729464,94.0
643197,625,1.5139120647295963,135.0570685652774,850,33,6.657867960389273,94.0
644243,626,1.413411642287878,111.08943273417476,569,29,6.3273647157780575,92.75
645259,627,1.342548072263035,101.06938061541855,533,20,5.654303742113688,92.75
646256,628,1.329228143533713,111.02643451158309,647,21,8.990502795004776,92.75
647307,629,1.4540156393502703,102.83823513030701,636,16,7.725529743823296,92.75
648353,630,1.4235224427007847,111.36485146494313,679,29,9.896008379357196,92.75
649384,631,1.4291879417899978,128.75649313495302,657,28,6.92793822783789,92.75
650419,632,1.4570640568929807,105.32944606235657,625,25,6.397994396718793,92.75
651475,633,1.444421027999867,125.22836495012135,793,26,9.679990236712012,91.0
652483,634,1.4604586433852953,124.69062862617606,639,21,5.385742319920003,91.0
653552,635,1.4618763290108223,127.95095288502512,642,25,5.8429405772885294,91.0
654624,636,1.414783190788559,112.79889049325466,604,20,5.084276815024638,91.0
655647,637,1.3567398950603273,116.31399605873072,598,19,9.127646586003829,91.0
656718,638,1.5486380516751153,138.26446991194265,834,21,6.761583939854651,91.0
657718,639,1.3535747322502472,120.31147897959497,824,16,8.833688390396386,91.0
658790,640,1.4292731577256519,122.01692412820873,800,11,9.833598597898941,91.0
659848,641,1.437321388521862,124.62600862818627,707,9,6.5601057895733526,91.0
660850,642,1.3978585584038579,112.36429191856989,665,8,4.51251160529421,91.0
661890,643,1.4532519911808541,130.12851630821237,758,9,5.390645912190419,91.0
662950,644,1.4724645441908562,107.41567918485113,734,6,4.865109215237254,91.0
663955,645,1.3764329998987768,115.7301436618683,795,11,5.154045023060665,91.0
664955,646,1.4231569185998256,116.59464133729556,781,8,8.569853956400706,91.0
665943,647,1.4249337274521785,103.13032671492589,638,6,9.386928810820738,91.0
666928,648,1.316203872930541,102.17097950038811,533,1,4.632803809116338,91.0
667996,649,1.4831944113183007,117.68127525286786,741,6,8.348024357493193,91.0
669057,650,1.5048843528496716,111.68863065418361,711,1,9.953939273819485,91.0
670108,651,1.3941125304812514,122.70769644459678,840,2,6.70751357810491,91.0
671111,652,1.4206712744067758,117.80220880209505,654,-1,7.625996082143208,91.0
672168,653,1.429676861015922,126.45249580769047,868,1,8.364232275952737,91.0
673204,654,1.4799030258075185,125.16372237154313,696,-2,7.67612600701802,91.0
674246,655,1.483176774735582,113.57480262859173,709,2,4.628619630726414,91.0
675284,656,1.4277765727213718,124.01975647876472,750,16,9.028791109560716,91.0
676283,657,1.4114982107804144,125.37191966941784,856,21,4.567602588354446,91.0
677334,658,1.3985159467205934,126.9218338823912,758,18,7.068486954064869,91.0
678330,659,1.422869176348555,112.77175204733747,738,11,6.944656354190386,91.0
679316,660,1.3098107626041313,101.0977864732913,705,8,7.375805828798956,91.0
680385,661,1.4233562827460626,107.54641046682333,554,4,6.903856552154165,91.0
681408,662,1.36702576641509,102.42196823834755,642,8,8.000624561367193,91.0
682444,663,1.3975869947178856,110.67384688626254,596,5,5.7234624639638465,91.0
683444,664,1.399211995728248,103.26138971983062,552,-8,5.420555996364057,91.0
684461,665,1.3824892091563554,112.29673464292745,727,-7,8.45116673944786,91.25
685493,666,1.412435485212212,101.44287579772516,606,-12,6.903265005717315,91.25
686562,667,1.4196870601795406,128.4953127045568,751,-8,4.9462454639618985,91.25
687559,668,1.4144543559294853,110.54265965104044,718,-12,5.192154138630775,91.25
688579,669,1.3869300848337638,102.0570061786207,513,-16,4.7588023526191705,91.25
689649,670,1.4576978528507194,131.13797161861504,755,-14,4.526184177693142,91.25
690674,671,1.4031478249828906,106.44026337102062,667,-16,8.489103957610979,91.25
691714,672,1.462533834373847,118.64968422041156,638,-18,9.56015169708604,91.25
692738,673,1.3621694749136275,99.76782056799,549,-33,6.227276433580931,91.25
693810,674,1.5407013922843842,138.1742300395398,786,-19,7.468578277854294,91.25
694840,675,1.3943655482929314,118.7899771787222,676,-34,5.639555670812712,91.75
695834,676,1.429899247658042,109.01702663005499,736,-19,5.495037740460697,91.75
696892,677,1.421354548055682,102.59112322623893,639,-33,7.236101358830801,91.75
697953,678,1.428877548031544,122.50538787190195,634,-40,9.188529843452795,91.75
699000,679,1.417244154667234,102.99431058813767,672,-39,9.085352112883493,91.75
700002,680,1.428854351741078,126.76995167604944,656,-41,7.608920792390756,91.75
701009,681,1.3632653646579969,116.95245991792443,702,-40,5.073738829567454,91.75
702054,682,1.4657716285004914,129.42019607087636,897,-38,6.026972763987811,91.75
703058,683,1.3946172094857654,113.21020354946079,629,-53,5.587164295650652,91.75
704076,684,1.4469791369423657,117.97639424124458,783,-38,5.072135671316863,91.75
705072,685,1.340468066778433,104.4513874913137,600,-39,8.80923806828639,91.75
706142,686,1.437551272413162,101.57357363141685,615,-24,8.084226938590236,91.75
707189,687,1.3834053123629115,105.95835646898354,668,-21,6.582198834608769,91.75
708210,688,1.369727817643075,115.33057388258956,609,-23,9.397610558006269,91.75
709199,689,1.3391389617610723,121.21804775288221,648,-22,6.107144331279361,91.75
710251,690,1.455081694870609,126.13119728795733,752,-17,9.534506094665637,91.75
711249,691,1.3180556074760694,118.35137113089962,775,-10,8.420382721102081,91.75
712241,692,1.4260887397654876,115.48107703990115,764,-15,6.459799997507132,91.75
713303,693,1.4624392303737281,104.91254163998836,533,-20,7.214813488274222,91.75
714376,694,1.5481181931809125,135.0079335502535,815,-13,5.513132607112116,91.75
715450,695,1.536508263026213,120.36581448767973,630,-27,5.687615626281078,91.75
716501,696,1.4717806851411237,114.54750659809302,638,-22,7.026425788887944,91.75
717553,697,1.4173507975192385,115.44447686780353,581,-33,8.835224884356446,91.75
718582,698,1.4467881875202961,119.57619214446376,689,-30,8.463201268332384,91.75
719648,699,1.414929831099135,109.58193310037338,694,-27,9.083091716049967,91.75
720725,700,1.491819349263643,115.0382786263261,612,-28,5.649339198061139,91.75
721749,701,1.4445544889244086,114.00580957826115,588,-31,9.041300362855914,91.75
722820,702,1.4389946560448579,105.55526168213113,712,-19,4.924081687886251,91.75
723822,703,1.3482047247829279,95.46577375179261,647,-22,9.489118632076298,91.75
724808,704,1.3028001178414002,105.7686085459114,736,-18,4.3275270171649005,91.75
725829,705,1.4575901356988563,107.30934931899961,598,-19,7.104064389426684,91.75
726890,706,1.478037694584378,108.8044331317892,566,-20,7.059347583946421,91.75
727940,707,1.381968530446812,100.73921240704746,608,-18,9.511572125095798,91.75
728923,708,1.3020744557839148,106.8357855681279,709,-13,4.81152806303805,91.75
729936,709,1.4243226672832126,123.84573477124526,697,-18,5.136963461969601,91.75
730964,710,1.4322910396110324,127.15494587996928,809,-14,9.848699731449111,91.75
731979,711,1.4088017497615806,111.46909088978471,654,-21,9.507333850026626,91.75
733033,712,1.4999842497864129,126.73078796880041,774,-16,7.045711149052792,91.75
734068,713,1.4421986313867512,129.83632350682902,795,-14,9.107934543995357,91.75
735066,714,1.4340964179615534,106.90639565598872,587,-15,4.444847459955254,91.75
736122,715,1.4594741766360166,104.08539928795267,600,-12,8.859696993486546,91.75
737185,716,1.4325245737467718,128.65024265803882,713,-3,4.618384934278491,91.75
738181,717,1.4040805903930804,126.30544672068783,845,-2,6.041605292852607,91.75
739237,718,1.4549536082911718,108.10120882786326,726,-11,7.667755765466167,91.75
740242,719,1.4442787604456464,111.61284216129401,633,-12,7.305545090062087,91.75
741240,720,1.3517542249281125,111.20652054765901,597,-16,7.711410713603961,91.75
742266,721,1.3932698848495366,109.55107063782461,763,-14,4.988855786504567,91.75
743288,722,1.3663835877557944,120.4235124597556,751,-16,6.587498772992495,91.75
744274,723,1.3201972037851168,118.51571903880608,743,-17,4.931009550057832,91.75
745316,724,1.4534068428478053,104.76223280806616,641,-21,5.4580526853378695,91.75
746360,725,1.4348052878373305,101.29714690286802,640,-32,9.848026107025122,91.75
747403,726,1.5057028774545405,124.87744316842182,763,-27,5.890027157915782,91.75
748407,727,1.35148831485964,114.54615200928504,681,-29,4.341469885048345,91.75
749417,728,1.3411694428165555,113.32959503874069,677,-44,9.790684191963322,91.75
750473,729,1.4951781892616045,135.48863858371496,764,-36,6.5540281005053895,91.75
751478,730,1.4192261474907302,109.3935855074739,623,-37,9.035297571081694,91.75
752540,731,1.4116199072537956,121.064637156321,700,-35,7.976038034292686,91.75
753617,732,1.4382602106134448,105.43996309886818,563,-38,5.976982446787682,91.75
754611,733,1.3525224146989643,109.57498914714009,740,-26,4.361506798784235,91.75
755609,734,1.3899266108172283,100.88721783780562,640,-28,9.618604107704135,91.75
756642,735,1.4202623507742869,114.10345023656936,777,-20,5.285552228100301,91.75
757702,736,1.4485567036821376,122.87957804706005,729,-22,5.900356819318394,91.75
758696,737,1.3378077184874104,105.36674175391022,600,-25,4.918359278271257,91.75
759733,738,1.4278470519033164,119.27697716214868,685,-12,7.84299352992059,91.75
760722,739,1.393854583796857,124.41309383176713,823,-7,8.365975831095529,91.75
761794,740,1.4642478824388565,118.84014204222237,633,-8,8.84355166223396,91.75
762826,741,1.4473199733477424,130.68736903044885,784,-3,4.724849716639357,91.75
763813,742,1.3684520462110237,111.58587459815303,679,-4,8.365491969929923,91.75
764882,743,1.4869351906572748,123.88312954947665,835,5,9.349887015249765,91.75
765954,744,1.462664451562207,104.5077178875371,696,3,5.927851641052657,91.75
766957,745,1.4170745810044096,110.14949238601174,619,-6,6.465564349409927,91.75
767946,746,1.3532632037181578,109.02151584532272,556,-10,6.589634607289538,91.75
768955,747,1.4590961186370797,128.22226213936804,712,-6,7.111879164212162,91.75
769949,748,1.372511268734481,118.16606100061166,634,-8,9.22071099780419,91.75
770948,749,1.3543149536269574,106.13957600760999,661,-5,7.176045269196551,91.75
772006,750,1.5185723529655013,110.33620008319144,679,-4,9.210628183049936,91.75
773012,751,1.4037859787280695,123.27471655226348,783,1,9.746810896551255,93.25
774031,752,1.3532468806492908,111.06048216074471,596,-13,9.935901338071094,93.25
775053,753,1.4419906533828593,129.74130128910372,740,-11,4.793823692550642,93.25
776071,754,1.462838918219092,117.39239322492016,772,-6,6.410504635259098,93.25
777079,755,1.4210479501668158,117.44752668901965,621,-10,8.620537462435367,93.25
778151,756,1.4404992736097604,105.65673827398273,706,-6,8.385487633513502,93.25
779185,757,1.463143475139392,132.7588805080438,868,-5,5.909982495716237,93.25
780258,758,1.4876512072526715,130.93591041552617,675,-8,8.520957666017964,93.25
781259,759,1.4305713168361882,126.21670222635755,783,-5,4.565192129150414,93.25
782279,760,1.3963440767755375,108.18772297710385,666,-8,6.648810215180171,93.25
783287,761,1.3362600378912635,115.0402145731207,710,-3,7.6672277868663645,93.25
784286,762,1.3777513415471936,119.1786057717996,721,9,5.323948294694349,93.75
785332,763,1.5085188672122123,119.87607056171895,617,8,4.589960833518548,93.75
786401,764,1.416948494426072,125.03014225264864,766,9,9.784550818170773,93.75
787477,765,1.4465951408915212,101.59732169554351,684,-4,8.637342023174732,93.75
788539,766,1.4848606797884827,108.25563129116019,620,-8,8.988667539835797,93.75
789612,767,1.4966694591046854,120.47592248706304,825,-4,9.914062889317824,93.75
790625,768,1.4213536876747808,114.8761713809012,695,-5,5.07369166520267,93.75
791647,769,1.4100475981232672,104.34630998061611,629,-6,6.09763057150699,93.75
792648,770,1.3993078278843483,118.93852762219454,808,-1,5.16996148606085,93.75
793698,771,1.509223299995347,129.8775173166621,865,3,7.041538913322384,93.75
794716,772,1.4732266256485749,119.7269594194219,707,1,9.814486171745052,93.75
795752,773,1.4820051237029706,131.8160097010263,691,-3,8.321571138276825,94.75
796788,774,1.3683755254915726,96.13649240473289,608,-5,6.147047001803958,94.75
797868,775,1.5073109626687202,108.64963222788063,553,-10,6.105027771764051,94.75
798871,776,1.337999844645495,114.38328014305915,618,-6,5.588784473970726,94.75
799863,777,1.3242306833200397,117.33551325335048,772,-3,6.589712692229844,94.75
800910,778,1.4518566518393163,118.47238801593076,615,-8,6.23950239106564,94.75
801952,779,1.4477302422827774,115.39839653223927,609,-9,4.779897163859838,94.75
803013,780,1.4564764085261617,112.21908814168874,684,-5,9.96608954223676,94.75
804054,781,1.4487699613976868,130.80373909235524,769,-2,7.930425661091401,94.75
805117,782,1.4609867778145942,130.42455210500447,733,-13,8.702945796563943,94.75
806110,783,1.438144133739391,112.00148364275601,697,-16,9.259190377358511,94.75
807167,784,1.4676388403578962,115.65471780060226,641,-20,9.153685667367448,94.75
808159,785,1.3545411899566882,101.77323944247502,614,-22,7.735294301876356,94.75
809199,786,1.495880695253259,116.35052560411987,642,-17,6.545399508437897,94.75
810244,787,1.4094492593197394,125.68005759796334,796,-15,8.286166889881798,94.75
811256,788,1.4015010964944041,122.12538471500854,747,-17,6.780307794777248,94.75
812274,789,1.4485305745096126,131.07093534973382,723,-20,7.3338199172644565,94.75
813285,790,1.4023525802341608,120.18993520966735,660,-22,5.263175914795787,94.75
814286,791,1.3353635664653338,110.04894744654797,577,-37,8.297528219735899,94.75
815268,792,1.4024806116062287,123.71049989670307,626,-24,8.881853633694154,94.75
816324,793,1.4971349204600821,107.63828969207783,606,-28,5.608627721821009,94.75
817368,794,1.479409934128269,113.5722852190708,638,-17,7.490805215067192,94.75
818376,795,1.4248912904090105,100.15809765849549,635,-18,9.66289072132895,94.75
819407,796,1.4697693464091692,113.13130949277122,764,-13,9.900214860006047,94.75
820424,797,1.4394623280519367,108.54271638784668,732,-18,6.8733645046716445,94.75
821439,798,1.3983403731683623,123.52534450736174,812,-16,9.905676812947204,94.75
822436,799,1.4045143323079226,110.29368796592304,564,-23,8.234738157184015,94.75
823425,800,1.3833355544812798,111.66201291617665,722,-20,4.63430398532672,94.75
824481,801,1.493255214104326,131.64366310239973,900,-15,5.871857051491045,94.75
825517,802,1.363231009051298,120.78454259413294,832,-27,5.918189771734611,94.75
826531,803,1.4121403106532768,125.84607968864452,848,-23,7.389178399400171,94.75
827580,804,1.406555301509599,101.59430119011003,603,-26,6.074956438517022,94.75
828575,805,1.4257596862675976,122.79445951593604,639,-14,8.083041593296546,94.75
829604,806,1.391213915601157,119.46704674391958,654,-2,5.478002186018557,95.75
830664,807,1.4720277326901698,129.39786758848297,689,0,4.56707505574975,95.75
831740,808,1.498931241044199,119.72380549124475,691,4,9.649849805678315,95.75
832762,809,1.349267206183888,118.52604401902951,725,7,8.292736445757104,95.75
833769,810,1.3421847686429218,121.82527788987811,786,15,5.076499199811486,95.75
834836,811,1.4742904398205223,121.3822581500967,740,12,9.633524295171465,95.75
835870,812,1.4984990819622148,132.18848398499537,870,21,5.712231596406944,95.75
836870,813,1.3794378497424737,119.44246121179384,826,17,7.329991032149486,95.75
837943,814,1.4713204310138241,118.37029186166758,629,13,6.9476511986507745,95.75
838935,815,1.3510837840105392,97.77298401978817,672,16,7.248640464280167,95.75
839984,816,1.3961923511249748,114.04287122987824,644,12,4.244617099900088,95.75
841018,817,1.4145015020335239,115.69564690872637,621,10,7.006464498547511,95.75
842035,818,1.4155374420892066,124.46963528008585,815,18,6.856334378530442,95.75
843025,819,1.4274223236409656,127.08518151142094,770,15,8.20896843124611,95.75
844095,820,1.4437548708915668,104.76599711404215,680,14,8.05120787902942,95.75
845110,821,1.3830913775478635,97.83483632709338,507,10,9.173387594545725,95.75
846116,822,1.3535819580496184,111.06419187210122,611,14,5.739422243625383,95.75
847113,823,1.3437534572718595,113.33316880325896,679,16,9.751868505987336,95.75
848106,824,1.38841649868187,119.97657332091353,803,17,9.360001632065957,95.75
849141,825,1.4047320059393746,127.04373900234984,784,13,4.170360399725683,95.75
850140,826,1.4086569353243124,115.10365230199291,719,11,7.21702567608288,95.75
851136,827,1.3200736416484353,94.2225154112689,550,10,6.04768142480808,95.75
852144,828,1.325111238770245,115.08425025297838,656,15,5.434851755378137,95.75
853179,829,1.4316641918382627,125.09590821028932,815,16,5.597734951991131,95.75
854170,830,1.3655732131610694,115.18801852454766,728,14,7.110815277069388,95.75
855172,831,1.3703014755794778,107.0294716707201,664,11,9.20797342439805,95.75
856241,832,1.4334577270644633,107.27261470961264,674,16,6.661273997656689,95.75
857308,833,1.5278847976122487,138.0528829065605,953,26,4.582402969969023,95.75
858341,834,1.4842891544506291,120.04168645395649,804,22,5.258701684224647,95.75
859325,835,1.3601821741943319,99.54189118356531,624,19,5.090550040031369,95.75
860393,836,1.4059615430191534,101.6749841923955,536,18,4.115796125756351,95.75
861425,837,1.3601394703468423,99.27291445077782,615,20,9.105340175582388,97.25
862413,838,1.3146930192063848,98.49929390084985,613,15,9.0902038157284,97.25
863458,839,1.467717382551853,122.33582656726414,670,17,9.067920479141428,97.25
864494,840,1.3950359450763787,105.40242514215713,584,13,5.037283773752842,97.25
865546,841,1.4296094304902287,118.84547032607182,716,15,5.2208045971430845,97.25
866612,842,1.4148122716511704,102.14625990198037,625,12,5.244436744385757,97.25
867681,843,1.44975705018948,110.75623281727687,619,11,7.974959563552325,97.25
868690,844,1.3831465607755837,102.60907548188062,578,10,9.252116887325524,97.25
869674,845,1.3352326204091995,116.52624052638987,762,11,9.415050239223184,97.25
870748,846,1.436745195856614,105.30177903255915,606,7,9.328500263348078,97.25
871775,847,1.4537923893550984,102.69418718906171,633,10,8.074094496125507,97.25
872840,848,1.4642724007235857,119.96496085563031,716,23,5.761717054826967,97.25
873919,849,1.5553966666797425,119.74442575260268,722,31,5.581199790682423,97.25
874913,850,1.3706661489386487,110.69276095145536,716,17,5.756294675359674,98.75
875908,851,1.3951087483771663,106.91950745409783,585,2,9.469049640986738,98.75
876959,852,1.4075493367049794,114.09424932776922,624,7,7.705710612349723,98.75
877947,853,1.3959030428577972,113.65933091485536,715,11,4.052307765344693,98.75
878965,854,1.3750931892636624,122.22253826532196,756,16,7.696667547608643,98.75
880029,855,1.4542681256789725,108.0501912376673,681,12,4.847356213615741,98.75
881039,856,1.430513254156425,120.766223672515,703,15,7.68954599737531,98.75
882076,857,1.4812647508888104,123.31608441064064,682,2,5.118947875089404,98.75
883079,858,1.33748718119706,119.719840812533,670,-1,9.37933970112282,98.75
884155,859,1.4335983262551653,118.35896298129992,646,-8,8.05514448797135,98.75
885176,860,1.4135639544205736,123.7850710203131,827,-3,6.816737075778006,98.75
886176,861,1.3735631798393189,104.74501302331103,651,-10,8.65991308519161,98.75
887161,862,1.4092074729133734,117.90208997291597,606,-14,8.886277532017337,98.75
888218,863,1.4236728761353372,126.43648710617514,717,-11,7.284299539351039,98.75
889248,864,1.4721573705771211,118.82139775046646,685,-15,5.53766454908999,98.75
890295,865,1.4891977207132674,107.78446153447285,743,-10,8.060728971188013,98.75
891334,866,1.4730458972422815,108.07224605911496,588,-14,7.050390854287264,98.75
892365,867,1.4469131692450723,124.38944611018107,858,-9,5.754736968646682,98.75
893414,868,1.4478924335591847,108.78708622025918,719,-17,7.904695606148705,98.75
894430,869,1.3841965766008668,101.93966299997496,632,-20,9.80945659422008,98.75
895471,870,1.4935786095013448,133.9560200557208,762,-16,8.356465344098236,98.75
896545,871,1.4316756770900667,103.36644625709951,567,-17,7.391871918486014,98.75
897595,872,1.4736431620174004,106.07367636846764,588,-16,6.389196955671271,98.75
898588,873,1.4077722871942597,122.14415053698505,687,-15,5.942162967619458,98.75
899641,874,1.5021147263468588,132.27889903213716,797,-10,5.403787654072051,98.75
900622,875,1.3248831920221327,95.62225873488828,591,-14,7.610499836253843,98.75
901695,876,1.4446248031689772,104.75388549618823,614,-6,8.25983828085213,98.75
902743,877,1.501811466074793,110.19012448087997,727,-2,7.073917179182329,98.75
903790,878,1.4804911096973719,112.9730119584814,570,-7,8.997691321511736,98.75
904775,879,1.422144224855421,119.33725933615764,654,3,4.084227544059019,98.75
905775,880,1.3290317848565067,112.5625660706694,708,5,5.764528739418761,98.75
906793,881,1.4103593385313635,118.06245517116191,802,6,4.36690852010149,98.75
907828,882,1.380249102265829,114.72091339305344,802,-5,6.680987903200946,98.75
908870,883,1.4457784797894742,123.34813852127192,732,-10,9.665940625615743,98.75
909851,884,1.4123957210951275,102.7795204907485,529,-20,8.511665377218614,98.75
910889,885,1.4530521364514961,125.16087955108256,685,-19,6.521656346080273,98.75
911925,886,1.4376608862138311,105.17864882354495,567,-21,5.032931319214544,98.75
912923,887,1.3973280948038653,98.79503877359437,599,-19,4.620193786380021,98.75
913905,888,1.376712154803616,121.26489072044335,678,-14,8.345049431880222,98.75
914902,889,1.3697109957221358,96.70934831756169,565,-27,8.196633927055043,98.75
915943,890,1.4633647525257092,126.24142938141742,792,-26,6.726674116904288,98.75
917010,891,1.4233872270644505,127.42973719085181,863,-24,6.134669990981277,98.75
918033,892,1.433056148500649,118.09452740021496,716,-25,6.186166470600699,98.75
919075,893,1.4951216947176562,132.6987383200086,836,-23,9.54250592259874,98.75
920116,894,1.4003078049852913,99.62136222132729,629,-25,6.290183567152894,98.75
921179,895,1.4843852205916377,109.56546383844072,752,-22,6.190085677846702,98.75
922161,896,1.4108553449544954,120.10299855101897,681,-25,7.662643395057762,98.75
923194,897,1.4710607766482329,130.61931670460226,731,-22,5.15747499980484,98.75
924266,898,1.4304926885142535,100.35675009265972,602,-24,6.734761782591546,98.75
925326,899,1.4001722513145698,110.3993388689624,631,-23,7.08561930035178,98.75
926335,900,1.359583619628943,121.25831170790352,828,-21,5.283720113885044,98.75
927332,901,1.4150240284018245,124.84804801459033,697,-26,9.562718293497426,98.75
928356,902,1.466793549510903,105.17003171212458,547,-30,5.0138668171191645,98.75
929414,903,1.5278060563986005,130.59262691913466,863,-15,8.342139013256732,98.75
930436,904,1.3989548475953582,112.17758813985922,564,-17,5.279401013801054,98.75
931427,905,1.3388377394925688,109.33477830773177,578,-2,9.59783811935683,98.75
932469,906,1.3911949220915114,108.75131294537344,580,8,5.720472319569344,98.75
933512,907,1.43876492447643,109.64619473320005,766,11,6.774357824537848,98.75
934498,908,1.383728978272315,102.91261146633512,715,10,7.616781237601305,98.75
935479,909,1.3177595360787582,101.37190925418577,615,6,6.822935563095146,98.75
936462,910,1.4174467096323893,119.78231620845794,712,11,8.639756875940238,98.75
937505,911,1.392058588160698,100.16282026200611,552,7,6.252842239364225,98.75
938496,912,1.3202412316737486,103.87592087495315,631,12,6.462024081657084,98.75
939524,913,1.4438223542547424,103.80964030126955,648,14,6.687794852757584,98.75
940575,914,1.4949395003727377,134.19280578876123,897,16,9.432210532560262,98.75
941589,915,1.4336848964971503,102.55645576399183,586,12,9.971766538889142,98.75
942638,916,1.385427981311772,121.09909778164015,804,17,6.585052223364233,98.75
943705,917,1.4679549027509318,106.96125883228054,661,13,6.178773782583648,98.75
944754,918,1.4305441007413984,101.24596587196389,704,18,5.905165135405312,98.75
945833,919,1.478760154918111,131.22113964397317,875,21,9.257018710270012,98.75
946855,920,1.3701113054054663,107.96449379412068,660,17,4.284603748154437,98.75
947927,921,1.5386878911909356,131.30988554185075,915,20,5.826570762683916,98.75
948986,922,1.4286484126219434,127.49543037662309,866,17,4.14199022097342,98.75
950064,923,1.5424080009532048,122.7278890466791,800,16,8.5887196915996,98.75
951054,924,1.3058676597920489,116.95296108077748,602,15,9.662652283095863,98.75
952094,925,1.493124553745272,108.34604192028966,567,13,6.013839477189094,98.75
953079,926,1.296116830841246,114.53700621030937,719,15,4.873535917283034,98.75
954130,927,1.5189043490945462,127.53578453049816,774,18,4.676828413058102,98.75
955166,928,1.3721890017210132,96.57910348261906,585,16,5.336333255664462,98.75
956183,929,1.452505039933706,123.64733701292054,826,31,4.692031583101914,98.75
957245,930,1.46324504565473,117.7348787219756,675,29,6.223021505716533,98.75
958242,931,1.3402147339218564,101.32143164483149,568,25,5.494734798268817,98.75
959228,932,1.3624008289978744,110.810317057096,721,29,7.356069647126771,98.75
960239,933,1.4423613544971408,131.1186408145025,779,32,8.581398405943549,98.75
961254,934,1.4123872315893473,117.84977567229645,634,31,9.186196125685342,98.75
962278,935,1.46312687201762,120.53724676973246,656,36,5.548017403527587,98.75
963336,936,1.4128939535762501,103.88684646771667,658,39,9.50393850375207,98.75
964403,937,1.411378676235283,106.1807690289006,598,38,7.705997830056974,99.75
965452,938,1.495243217993371,105.13185505682185,612,40,8.955060292619795,99.75
966522,939,1.4645054562985536,110.02205342624823,675,42,9.186286557377134,99.75
967600,940,1.5545105305921447,114.12130501943444,625,37,9.252494658261924,99.75
968585,941,1.3338064023604095,100.2176942976577,657,51,7.554766114603767,99.75
969578,942,1.3817613973737741,118.31969088534339,719,53,4.805901061094903,99.75
970561,943,1.3267511706736776,106.00107340995933,546,50,8.899139403148059,99.75
971640,944,1.5506403926357528,110.58382173092244,603,52,7.367025147754158,99.75
972623,945,1.3818135921591896,117.75065190165745,705,54,5.018998244853266,99.75
973673,946,1.3927821316403075,112.17302135617892,738,59,7.951292521818521,99.75
974747,947,1.4758183731815133,112.47711487156612,660,56,6.876342246856798,99.75
975804,948,1.4046500694550992,98.90636795996357,616,55,8.70191608722512,99.75
976814,949,1.3736023075629702,111.16242985138108,596,54,4.716485506932802,99.75
977808,950,1.4395478415891492,119.92088328545096,726,58,8.615955545205843,100.0
978833,951,1.36912999166154,102.31258799977041,693,46,5.433341898648745,100.0
979851,952,1.3562452258614,121.08703989576537,664,42,4.514828807221082,100.0
980917,953,1.4308238469934047,112.53858680308802,627,37,6.507353900712209,100.0
981935,954,1.442362417997977,109.36330072962004,645,39,5.309138531777489,100.0
982964,955,1.3793612562905815,109.92884325108417,745,41,9.251467311044482,100.0
984031,956,1.4047280053619438,122.9291772798273,796,56,7.918632730511508,100.0
985056,957,1.4220603801793585,123.33621085144604,698,54,6.488658405438135,100.0
986089,958,1.455888314291311,125.76991800076246,817,59,8.560510890140767,100.0
987106,959,1.4285748627803543,102.43520258451954,640,58,7.121439219809415,100.0
988170,960,1.4293541283852629,128.93090037052005,833,59,9.831862886557555,100.0
989249,961,1.4478393194515162,117.3794296959923,627,48,7.223509794518538,100.0
990301,962,1.444111946671582,109.30421473096692,695,53,7.072924340600548,100.0
991295,963,1.399653716599484,112.46776850329236,776,58,5.858552412560288,100.0
992284,964,1.3146593241226177,117.72793486479588,690,53,9.504548718383344,100.0
993315,965,1.4596305707190247,104.31763994447292,682,49,5.982807677231565,100.0
994327,966,1.3709151458237145,107.03569779869454,678,44,4.4840220596080025,100.0
995317,967,1.3416523139705965,106.09600309248586,673,40,6.810893738859674,100.0
996327,968,1.3434121830593677,105.44800166729777,692,45,9.935109266051589,100.0
997369,969,1.433464791051928,106.867205664534,559,41,7.8795763714548075,100.0
